schema_version,picture_id,file,display_ms,caption_en,caption_zh,caption_zh_tr,caption_ja,caption_ja_tr,es_sentence,fr_sentence
1,pic_001,1.jpg,10000,The teacher explains a difficult math problem to a classroom full of students.,老师向满教室的学生讲解一个难的数学题。,Lǎoshī xiàng mǎn jiàoshì de xuéshēng jiǎngjiě yī gè nán de shùxué tí.,先生は教室いっぱいの生徒に難しい数学の問題を説明します。,Sensei wa kyoushitsu ippai no seito ni muzukashii suugaku no mondai o setsumei shimasu.,El maestro explica un problema de matemáticas difícil a un aula llena de estudiantes.,Le professeur explique un problème de mathématiques difficile à une classe pleine d’élèves.
1,pic_002,2.jpg,10000,The teacher gives feedback on essays during a parent-teacher meeting.,老师在家长会时对作文进行反馈。,Lǎoshī zài jiāzhǎng huì shí duì zuòwén jìnxíng fǎnkuì.,先生は三者面談で作文のフィードバックをします。,Sensei wa sansha mendan de sakubun no fiidobakku o shimasu.,El maestro da comentarios sobre los ensayos durante una reunión de padres y maestros.,Le professeur donne un retour sur les dissertations lors d'une réunion parents-professeurs.
1,pic_003,3.jpg,10000,The doctor examines a patient and listens carefully to their symptoms.,医生给病人检查，仔细听他们的症状。,"Yīshēng gěi bìngrén jiǎnchá, zǐxì tīng tāmen de zhèngzhuàng.",医者は患者を診察し、症状を丁寧に聞きます。,"Isha wa kanja o shinsatsu shi, shoujou o teinei ni kikimasu.",El médico examina a un paciente y escucha atentamente sus síntomas.,Le médecin examine un patient et écoute attentivement ses symptômes.
1,pic_004,4.jpg,10000,The doctor writes a prescription for someone who is feeling unwell.,医生给不舒服的人开处方。,Yīshēng gěi bù shūfu de rén kāi chǔfāng.,医者は体調が悪い人に処方箋を書きます。,Isha wa taichou ga warui hito ni shohousen o kakimasu.,El médico escribe una receta para alguien que no se siente bien.,Le médecin rédige une ordonnance pour quelqu’un qui ne se sent pas bien.
1,pic_005,5.jpg,10000,The nurse gives medicine to a patient in the hospital.,护士在医院给病人喂药。,Hùshi zài yīyuàn gěi bìngrén wèi yào.,看護師は病院で患者に薬を与えます。,Kangoshi wa byouin de kanja ni kusuri o ataemasu.,La enfermera da medicina a un paciente en el hospital.,L’infirmière donne des médicaments à un patient à l’hôpital.
1,pic_006,6.jpg,10000,The nurse checks the blood pressure of an elderly man.,护士给一位老人量血压。,Hùshi gěi yī wèi lǎorén liàng xuèyā.,看護師は高齢の男性の血圧を測ります。,Kangoshi wa koureina dansei no ketsuatsu o hakarimasu.,La enfermera revisa la presión arterial de un hombre mayor.,L’infirmière vérifie la tension artérielle d’un homme âgé.
1,pic_007,7.jpg,10000,The engineer reviews blueprints before starting work on a new bridge.,工程师在建新桥前查看蓝图。,Gōngchéngshī zài jiàn xīnqiáo qián chákàn lántú.,エンジニアは新しい橋を作る前に設計図を確認します。,Enjinia wa atarashii hashi o tsukuru mae ni sekkeizu o kakunin shimasu.,El ingeniero revisa los planos antes de comenzar la construcción de un nuevo puente.,L’ingénieur examine les plans avant de commencer à travailler sur un nouveau pont.
1,pic_008,8.jpg,10000,The engineer tests a machine to make sure it is safe to use.,工程师测试机器以确保使用安全。,Gōngchéngshī cèshì jīqì yǐ quèbǎo shǐyòng ānquán.,エンジニアは機械が安全に使えるかテストします。,Enjinia wa kikai ga anzen ni tsukaeru ka tesuto shimasu.,El ingeniero prueba una máquina para asegurarse de que sea segura.,L’ingénieur teste une machine pour s’assurer qu’elle est sûre à utiliser.
1,pic_009,9.jpg,10000,The police officer directs traffic during rush hour at a busy intersection.,警察在繁忙路口高峰时段指挥交通。,Jǐngchá zài fánmáng lùkǒu gāofēng shíduàn zhǐhuī jiāotōng.,警察官は混雑した交差点でラッシュ時に交通整理をします。,Keisatsukan wa konzatsu shita kousaten de rasshu ji ni koutsuu seiri o shimasu.,El policía dirige el tráfico durante la hora pico en una intersección concurrida.,Le policier dirige la circulation pendant l’heure de pointe à un carrefour animé.
1,pic_010,10.jpg,10000,The police officer interviews witnesses at the scene of an accident.,警察在事故现场采访目击者。,Jǐngchá zài shìgù xiànchǎng cǎifǎng mùjī zhě.,警察官は事故現場で目撃者に事情聴取します。,Keisatsukan wa jiko genba de mokugekisha ni jijou choushu shimasu.,El policía entrevista a los testigos en la escena de un accidente.,Le policier interroge les témoins sur les lieux d’un accident.
1,pic_011,11.jpg,10000,The firefighter uses a hose to put out flames in a burning building.,消防员用水管扑灭燃烧建筑物的火焰。,Xiāofángyuán yòng shuǐguǎn pūmiè ránshāo jiànzhùwù de huǒyàn.,消防士はホースを使って燃えている建物の火を消します。,Shouboushi wa hoosu o tsukatte moete iru tatemono no hi o keshimasu.,El bombero usa una manguera para apagar las llamas en un edificio en llamas.,Le pompier utilise un tuyau pour éteindre les flammes dans un bâtiment en feu.
1,pic_012,12.jpg,10000,The firefighter helps rescue a cat trapped in a tree.,消防员帮助救援被困在树上的猫。,Xiāofángyuán bāngzhù jiùyuán bèi kùn zài shù shàng de māo.,消防士は木に登って動けなくなった猫を救助します。,Shouboushi wa ki ni nobotte ugokenaku natta neko o kyujo shimasu.,El bombero ayuda a rescatar a un gato atrapado en un árbol.,Le pompier aide à sauver un chat coincé dans un arbre.
1,pic_013,13.jpg,10000,The chef prepares a delicious meal in a busy restaurant kitchen.,厨师在繁忙的餐厅厨房准备美味的饭菜。,Chúshī zài fánmáng de cāntīng chúfáng zhǔnbèi měiwèi de fàncài.,シェフは忙しいレストランのキッチンで美味しい料理を作ります。,Shefu wa isogashii resutoran no kicchin de oishii ryouri o tsukurimasu.,El chef prepara una comida deliciosa en la cocina de un restaurante concurrido.,Le chef prépare un délicieux repas dans la cuisine animée d’un restaurant.
1,pic_014,14.jpg,10000,The chef teaches students how to cook Italian food in a class.,厨师在课堂上教学生做意大利菜。,Chúshī zài kètáng shàng jiāo xuéshēng zuò Yìdàlì cài.,シェフはクラスで生徒にイタリア料理の作り方を教えます。,Shefu wa kurasu de seito ni Itaria ryouri no tsukurikata o oshiemasu.,El chef enseña a los estudiantes a cocinar comida italiana en una clase.,Le chef enseigne aux élèves comment cuisiner de la nourriture italienne en classe.
1,pic_015,15.jpg,10000,The waiter brings menus to customers and takes their orders with a smile.,服务员微笑着给顾客送菜单并点单。,Fúwùyuán wēixiào zhe gěi gùkè sòng càidān bìng diǎndān.,ウェイターは笑顔でお客様にメニューを渡し、注文を取ります。,"Weitaa wa egao de okyakusama ni menyuu o watashi, chuumon o torimasu.",El camarero lleva menús a los clientes y toma sus pedidos con una sonrisa.,Le serveur apporte les menus aux clients et prend leurs commandes avec un sourire.
1,pic_016,16.jpg,10000,The waiter serves drinks and clears empty plates from the table.,服务员上饮料并收走空盘子。,Fúwùyuán shàng yǐnliào bìng shōuzǒu kōng pánzi.,ウェイターは飲み物を出し、空いた皿を片付けます。,"Weitaa wa nomimono o dashi, aita sara o katazukemasu.",El camarero sirve bebidas y recoge los platos vacíos de la mesa.,Le serveur sert les boissons et débarrasse les assiettes vides de la table.
1,pic_017,17.jpg,10000,The cashier scans groceries quickly at the supermarket checkout.,收银员在超市收银台快速扫描商品。,Shōuyínyuán zài chāoshì shōuyín tái kuàisù sǎomiáo shāngpǐn.,レジ係はスーパーのレジで素早く商品をスキャンします。,Reji gakari wa suupaa no reji de subayaku shouhin o sukyan shimasu.,El cajero pasa los comestibles rápidamente en la caja del supermercado.,Le caissier scanne rapidement les articles à la caisse du supermarché.
1,pic_018,18.jpg,10000,The cashier counts change for a customer who pays in cash.,收银员为用现金付款的顾客数零钱。,Shōuyínyuán wèi yòng xiànjīn fùkuǎn de gùkè shǔ língqián.,レジ係は現金で支払うお客様のお釣りを数えます。,Reji gakari wa genkin de shiharau okyakusama no otsuri o kazoemasu.,El cajero cuenta el cambio para un cliente que paga en efectivo.,Le caissier rend la monnaie à un client qui paie en espèces.
1,pic_019,19.jpg,10000,The taxi driver picks up a passenger at the airport and helps with their luggage.,出租车司机在机场接乘客并帮他们拿行李。,Chūzūchē sījī zài jīchǎng jiē chéngkè bìng bāng tāmen ná xínglǐ.,タクシー運転手は空港で乗客を迎え、荷物を手伝います。,"Takushii untenshu wa kuukou de joukyaku o mukae, nimotsu o tetsudaimasu.",El taxista recoge a un pasajero en el aeropuerto y le ayuda con su equipaje.,Le chauffeur de taxi prend un passager à l’aéroport et l’aide avec ses bagages.
1,pic_020,20.jpg,10000,The bus driver greets children as they get on the school bus.,公交司机在学生上校车时打招呼。,Gōngjiāo sījī zài xuéshēng shàng xiàochē shí dǎ zhāohū.,バス運転手はスクールバスに乗る子供たちに挨拶します。,Basu untenshu wa sukuuru basu ni noru kodomotachi ni aisatsu shimasu.,El conductor del autobús saluda a los niños cuando suben al autobús escolar.,Le conducteur du bus salue les enfants lorsqu’ils montent dans le bus scolaire.
1,pic_021,21.jpg,10000,The mechanic repairs the engine of a car in the garage.,机械师在车库修理汽车发动机。,Jīxièshī zài chēkù xiūlǐ qìchē fādòngjī.,整備士はガレージで車のエンジンを修理します。,Seibishi wa gareeji de kuruma no enjin o shuuri shimasu.,El mecánico repara el motor de un coche en el taller.,Le mécanicien répare le moteur d’une voiture dans le garage.
1,pic_022,22.jpg,10000,The mechanic changes a flat tire for a customer.,机械师为顾客换轮胎。,Jīxièshī wèi gùkè huàn lúntāi.,整備士はお客様のためにパンクしたタイヤを交換します。,Seibishi wa okyakusama no tame ni panku shita taiya o koukan shimasu.,El mecánico cambia una llanta pinchada para un cliente.,Le mécanicien change un pneu crevé pour un client.
1,pic_023,23.jpg,10000,The electrician installs new lights in a modern office building.,电工在现代办公楼安装新灯。,Diàngōng zài xiàndài bàngōnglóu ānzhuāng xīn dēng.,電気技師は現代のオフィスビルに新しい照明を設置します。,Denki gishi wa gendai no ofisu biru ni atarashii shoumei o setchi shimasu.,El electricista instala nuevas luces en un edificio de oficinas moderno.,L’électricien installe de nouveaux luminaires dans un immeuble de bureaux moderne.
1,pic_024,24.jpg,10000,The electrician fixes a broken power socket at a client’s home.,电工在客户家修理坏掉的电源插座。,Diàngōng zài kèhù jiā xiūlǐ huàidiào de diànyuán chāzuò.,電気技師はお客様の家で壊れたコンセントを修理します。,Denki gishi wa okyakusama no ie de kowareta konsento o shuuri shimasu.,El electricista arregla un enchufe roto en la casa de un cliente.,L’électricien répare une prise cassée chez un client.
1,pic_025,25.jpg,10000,The plumber unblocks a kitchen sink that won’t drain.,水管工疏通堵塞的厨房水槽。,Shuǐguǎngōng shūtōng dǔsè de chúfáng shuǐcáo.,配管工は排水できないキッチンのシンクを詰まりを直します。,Haikanko wa haisui dekinai kicchin no shinku no tsumari o naoshimasu.,El plomero destapa un fregadero de cocina que no drena.,Le plombier débouche un évier de cuisine qui ne s’écoule pas.
1,pic_026,26.jpg,10000,The plumber repairs a leaking pipe under the bathroom sink.,水管工修理浴室水池下漏水的水管。,Shuǐguǎngōng xiūlǐ yùshì shuǐchí xià lòushuǐ de shuǐguǎn.,配管工は洗面台の下の水漏れパイプを修理します。,Haikanko wa senmendai no shita no mizumore paipu o shuuri shimasu.,El plomero repara una tubería que gotea bajo el lavabo del baño.,Le plombier répare un tuyau qui fuit sous le lavabo de la salle de bains.
1,pic_027,27.jpg,10000,The carpenter builds a wooden bookshelf for a family’s living room.,木匠为一家人的客厅制作木书架。,Mùjiàng wèi yījiā rén de kètīng zhìzuò mù shūjià.,大工は家族のリビングルーム用の木製本棚を作ります。,Daiku wa kazoku no ribingu ruumu you no mokusei hondana o tsukurimasu.,El carpintero construye una estantería de madera para la sala de una familia.,Le menuisier construit une étagère en bois pour le salon d’une famille.
1,pic_028,28.jpg,10000,The carpenter repairs a broken door in an old house.,木匠修理旧房子的坏门。,Mùjiàng xiūlǐ jiù fángzi de huài mén.,大工は古い家の壊れたドアを修理します。,Daiku wa furui ie no kowareta doa o shuuri shimasu.,El carpintero repara una puerta rota en una casa antigua.,Le menuisier répare une porte cassée dans une vieille maison.
1,pic_029,29.jpg,10000,The construction worker pours concrete to make the foundation of a new building.,建筑工人为新楼房的地基浇混凝土。,Jiànzhù gōngrén wèi xīn lóufáng de dìjī jiāo hùnníngtǔ.,建設作業員は新しい建物の基礎を作るためにコンクリートを流します。,Kensetsu sagyouin wa atarashii tatemono no kiso o tsukuru tame ni konkuriito o nagashimasu.,El obrero vierte cemento para hacer los cimientos de un nuevo edificio.,L’ouvrier du bâtiment coule du béton pour faire les fondations d’un nouveau bâtiment.
1,pic_030,30.jpg,10000,The construction worker wears a hard hat and helps lift heavy materials.,建筑工人戴安全帽帮忙搬运重物。,Jiànzhù gōngrén dài ānquánmào bāngmáng bānyùn zhòngwù.,建設作業員はヘルメットをかぶり、重い資材の運搬を手伝います。,"Kensetsu sagyouin wa herumetto o kaburi, omoi shizai no unpan o tetsudaimasu.",El obrero lleva casco y ayuda a levantar materiales pesados.,L’ouvrier porte un casque et aide à soulever des matériaux lourds.
1,pic_031,31.jpg,10000,The salesperson helps a customer find the right size shoes in a store.,售货员帮助顾客在商店找合适尺码的鞋。,Shòuhuòyuán bāngzhù gùkè zài shāngdiàn zhǎo héshì chǐmǎ de xié.,販売員はお客様が店でちょうど良いサイズの靴を見つけるのを手伝います。,Hanbaiin wa okyakusama ga mise de choudo yoi saizu no kutsu o mitsukeru no o tetsudaimasu.,El vendedor ayuda a un cliente a encontrar el tamaño adecuado de zapatos en la tienda.,Le vendeur aide un client à trouver la bonne taille de chaussures dans un magasin.
1,pic_032,32.jpg,10000,The salesperson explains the features of a new smartphone to a shopper.,售货员向顾客介绍新款手机的功能。,Shòuhuòyuán xiàng gùkè jièshào xīnkuǎn shǒujī de gōngnéng.,販売員は買い物客に新しいスマートフォンの特徴を説明します。,Hanbaiin wa kaimono kyaku ni atarashii sumaatofon no tokuchou o setsumei shimasu.,El vendedor explica las características de un nuevo teléfono inteligente a un comprador.,Le vendeur explique les fonctionnalités d’un nouveau smartphone à un acheteur.
1,pic_033,33.jpg,10000,The office worker types emails at their desk in a busy office.,职员在繁忙的办公室桌前打邮件。,Zhíyuán zài fánmáng de bàngōngshì zhuō qián dǎ yóujiàn.,事務員は忙しいオフィスの机でメールを打ちます。,Jimuin wa isogashii ofisu no tsukue de meeru o uchimasu.,El oficinista escribe correos electrónicos en su escritorio en una oficina concurrida.,L’employé de bureau tape des e-mails à son bureau dans un bureau animé.
1,pic_034,34.jpg,10000,The office worker files documents in a cabinet after a meeting.,职员开完会后把文件归档到柜子里。,Zhíyuán kāi wán huì hòu bǎ wénjiàn guīdàng dào guìzi lǐ.,事務員は会議後、キャビネットに書類をファイリングします。,"Jimuin wa kaigi go, kyabinetto ni shorui o fairingu shimasu.",El oficinista archiva documentos en un armario después de una reunión.,L’employé de bureau classe les documents dans une armoire après une réunion.
1,pic_035,35.jpg,10000,The receptionist answers the phone and greets visitors at the front desk.,前台接电话并在前台迎接来访者。,Qiántái jiē diànhuà bìng zài qiántái yíngjiē láifǎng zhě.,受付係は電話に出て、フロントで来客を迎えます。,"Uketsukegakari wa denwa ni dete, furonto de raikyaku o mukaemasu.",La recepcionista contesta el teléfono y saluda a los visitantes en la recepción.,La réceptionniste répond au téléphone et accueille les visiteurs à la réception.
1,pic_036,36.jpg,10000,The receptionist schedules appointments for clients during the day.,前台白天为客户安排预约。,Qiántái báitiān wèi kèhù ānpái yùyuē.,受付係は日中にお客様の予約を手配します。,Uketsukegakari wa nichuu ni okyakusama no yoyaku o tehai shimasu.,La recepcionista agenda citas para los clientes durante el día.,La réceptionniste planifie des rendez-vous pour les clients pendant la journée.
1,pic_037,37.jpg,10000,The accountant checks financial statements and balances the company’s books.,会计检查财务报表并结算公司账目。,Kuàijì jiǎnchá cáiwù bàobiǎo bìng jiésuàn gōngsī zhàngmù.,会計士は財務諸表を確認し、会社の帳簿を合わせます。,"Kaikeishi wa zaimu shohyou o kakunin shi, kaisha no choubo o awasemasu.",El contador revisa los estados financieros y equilibra los libros de la empresa.,Le comptable vérifie les états financiers et équilibre les comptes de l’entreprise.
1,pic_038,38.jpg,10000,The accountant prepares tax returns for several small businesses.,会计为几家小企业准备报税表。,Kuàijì wèi jǐ jiā xiǎo qǐyè zhǔnbèi bàoshuì biǎo.,会計士は複数の小規模企業の確定申告書を作成します。,Kaikeishi wa fukusuu no shou-kibo kigyou no kakutei shinkokusho o sakusei shimasu.,El contador prepara las declaraciones de impuestos para varias pequeñas empresas.,Le comptable prépare les déclarations fiscales pour plusieurs petites entreprises.
1,pic_039,39.jpg,10000,The lawyer gives advice to a client about a legal problem.,律师为客户法律问题提供建议。,Lǜshī wèi kèhù fǎlǜ wèntí tígōng jiànyì.,弁護士はクライアントに法律問題についてアドバイスします。,Bengoshi wa kuraianto ni houritsu mondai ni tsuite adobaisu shimasu.,El abogado da consejo a un cliente sobre un problema legal.,L’avocat conseille un client sur un problème juridique.
1,pic_040,40.jpg,10000,The lawyer defends someone in court during a trial.,律师在法庭为某人辩护。,Lǜshī zài fǎtíng wèi mǒurén biànhù.,弁護士は裁判中に誰かを法廷で弁護します。,Bengoshi wa saiban-chuu ni dareka o houtei de bengo shimasu.,El abogado defiende a alguien en el tribunal durante un juicio.,L’avocat défend quelqu’un devant le tribunal lors d’un procès.
1,pic_041,41.jpg,10000,The manager leads a team meeting to discuss this month’s targets.,经理带领团队开会讨论本月目标。,Jīnglǐ dàilǐng tuánduì kāihuì tǎolùn běn yuè mùbiāo.,マネージャーはチーム会議を主導し、今月の目標について話し合います。,"Maneejaa wa chiimu kaigi o shudou shi, kongetsu no mokuhyou ni tsuite hanashiaimasu.",El gerente dirige una reunión de equipo para discutir los objetivos de este mes.,Le manager dirige une réunion d’équipe pour discuter des objectifs du mois.
1,pic_042,42.jpg,10000,The manager interviews a new candidate for a job opening.,经理面试新应聘者。,Jīnglǐ miànshì xīn yìngpìn zhě.,マネージャーは新しい応募者の面接をします。,Maneejaa wa atarashii oubosha no mensetsu o shimasu.,El gerente entrevista a un nuevo candidato para un puesto de trabajo.,Le manager passe un entretien avec un nouveau candidat pour un poste.
1,pic_043,43.jpg,10000,The scientist conducts an experiment in a laboratory.,科学家在实验室做实验。,Kēxuéjiā zài shíyànshì zuò shíyàn.,科学者は研究室で実験を行います。,Kagakusha wa kenkyuushitsu de jikken o okonaimasu.,El científico realiza un experimento en un laboratorio.,Le scientifique réalise une expérience dans un laboratoire.
1,pic_044,44.jpg,10000,The scientist gives a presentation on new research findings.,科学家做新研究成果的报告。,Kēxuéjiā zuò xīn yánjiū chéngguǒ de bàogào.,科学者は新しい研究結果について発表します。,Kagakusha wa atarashii kenkyuu kekka ni tsuite happyou shimasu.,El científico da una presentación sobre nuevos hallazgos de investigación.,Le scientifique fait une présentation sur de nouvelles découvertes de recherche.
1,pic_045,45.jpg,10000,The pharmacist fills prescriptions and explains how to take the medicine.,药剂师配药并解释如何服用。,Yàojìshī pèiyào bìng jiěshì rúhé fúyòng.,薬剤師は処方箋の薬を用意し、飲み方を説明します。,"Yakuzai-shi wa shohousen no kusuri o youi shi, nomikata o setsumei shimasu.",El farmacéutico dispensa recetas y explica cómo tomar la medicina.,Le pharmacien délivre des ordonnances et explique comment prendre le médicament.
1,pic_046,46.jpg,10000,The pharmacist organizes medicine on the shelves at the pharmacy.,药剂师在药店整理药品。,Yàojìshī zài yàodiàn zhěnglǐ yàopǐn.,薬剤師は薬局の棚に薬を整理します。,Yakuzai-shi wa yakkyoku no tana ni kusuri o seiri shimasu.,El farmacéutico organiza los medicamentos en los estantes de la farmacia.,Le pharmacien organise les médicaments sur les étagères de la pharmacie.
1,pic_047,47.jpg,10000,The dentist checks a patient’s teeth during a routine appointment.,牙医在例行检查时检查病人的牙齿。,Yáyī zài lìxíng jiǎnchá shí jiǎnchá bìngrén de yáchǐ.,歯医者は定期検診で患者の歯をチェックします。,Haisha wa teiki kenshin de kanja no ha o chekku shimasu.,El dentista revisa los dientes de un paciente durante una cita de rutina.,Le dentiste vérifie les dents d’un patient lors d’un rendez-vous de routine.
1,pic_048,48.jpg,10000,The dentist explains how to brush and floss properly to a child.,牙医向孩子讲解如何正确刷牙和使用牙线。,Yáyī xiàng háizi jiǎngjiě rúhé zhèngquè shuāyá hé shǐyòng yáxiàn.,歯医者は子供に正しい歯磨きとフロスの使い方を説明します。,Haisha wa kodomo ni tadashii hamigaki to furosu no tsukaikata o setsumei shimasu.,El dentista explica a un niño cómo cepillarse y usar el hilo dental correctamente.,Le dentiste explique à un enfant comment se brosser les dents et utiliser le fil dentaire correctement.
1,pic_049,49.jpg,10000,The farmer harvests vegetables early in the morning.,农民清晨采收蔬菜。,Nóngmín qīngchén cǎishōu shūcài.,農家は朝早く野菜を収穫します。,Nouka wa asa hayaku yasai o shuukaku shimasu.,El agricultor cosecha verduras temprano en la mañana.,L’agriculteur récolte des légumes tôt le matin.
1,pic_050,50.jpg,10000,The farmer feeds the animals on the farm before sunrise.,农民在日出前喂农场里的动物。,Nóngmín zài rìchū qián wèi nóngchǎng lǐ de dòngwù.,農家は日の出前に農場の動物に餌を与えます。,Nouka wa hinode mae ni noujou no doubutsu ni esa o ataemasu.,El agricultor alimenta a los animales de la granja antes del amanecer.,L’agriculteur nourrit les animaux de la ferme avant le lever du soleil.
1,pic_051,51.jpg,10000,The cleaner vacuums the floor in a hotel lobby.,清洁工在酒店大堂吸尘。,Qīngjiégōng zài jiǔdiàn dàtáng xīchén.,清掃員はホテルのロビーで床に掃除機をかけます。,Seisouin wa hoteru no robii de yuka ni soujiki o kakemasu.,El limpiador pasa la aspiradora en el piso del vestíbulo de un hotel.,Le nettoyeur passe l’aspirateur sur le sol du hall d’un hôtel.
1,pic_052,52.jpg,10000,The cleaner wipes windows and keeps the office tidy.,清洁工擦窗户并保持办公室整洁。,Qīngjiégōng cā chuānghù bìng bǎochí bàngōngshì zhěngjié.,清掃員は窓を拭き、オフィスをきれいに保ちます。,"Seisouin wa mado o fuki, ofisu o kirei ni tamochimasu.",El limpiador limpia las ventanas y mantiene la oficina ordenada.,Le nettoyeur nettoie les fenêtres et garde le bureau propre.
1,pic_053,53.jpg,10000,The hairdresser cuts and styles a customer’s hair in a salon.,理发师在美发沙龙为顾客理发造型。,Lǐfàshī zài měifà shālóng wèi gùkè lǐfà zàoxíng.,美容師はサロンでお客様の髪を切ってセットします。,Biyoushi wa saron de okyakusama no kami o kitte setto shimasu.,El peluquero corta y peina el cabello de un cliente en el salón.,Le coiffeur coupe et coiffe les cheveux d’un client dans un salon.
1,pic_054,54.jpg,10000,The hairdresser gives advice on hair care to a client.,理发师为顾客提供护发建议。,Lǐfàshī wèi gùkè tígōng hùfà jiànyì.,美容師はお客様にヘアケアのアドバイスをします。,Biyoushi wa okyakusama ni heakea no adobaisu o shimasu.,El peluquero da consejos sobre el cuidado del cabello a un cliente.,Le coiffeur donne des conseils sur les soins capillaires à un client.
1,pic_055,55.jpg,10000,The artist paints a landscape in their sunny studio.,艺术家在阳光明媚的工作室画风景。,Yìshùjiā zài yángguāng míngmèi de gōngzuòshì huà fēngjǐng.,芸術家は明るいアトリエで風景画を描きます。,Geijutsuka wa akarui atorie de fuukeiga o kakimasu.,El artista pinta un paisaje en su estudio soleado.,L’artiste peint un paysage dans son atelier ensoleillé.
1,pic_056,56.jpg,10000,The artist prepares their latest work for an exhibition.,艺术家为展览准备最新作品。,Yìshùjiā wèi zhǎnlǎn zhǔnbèi zuìxīn zuòpǐn.,芸術家は最新作を展覧会のために準備します。,Geijutsuka wa saishinsaku o tenrankai no tame ni junbi shimasu.,El artista prepara su última obra para una exposición.,L’artiste prépare sa dernière œuvre pour une exposition.
1,pic_057,57.jpg,10000,The musician practices playing the guitar before a concert.,音乐家在音乐会前练习吉他。,Yīnyuèjiā zài yīnyuèhuì qián liànxí jítā.,音楽家はコンサートの前にギターを練習します。,Ongakuka wa konsaato no mae ni gitaa o renshuu shimasu.,El músico practica tocar la guitarra antes de un concierto.,Le musicien s’entraîne à jouer de la guitare avant un concert.
1,pic_058,58.jpg,10000,The musician writes new songs in their home studio.,音乐家在家工作室创作新歌。,Yīnyuèjiā zài jiā gōngzuòshì chuàngzuò xīngē.,音楽家は自宅のスタジオで新しい曲を書きます。,Ongakuka wa jitaku no sutajio de atarashii kyoku o kakimasu.,El músico escribe nuevas canciones en su estudio en casa.,Le musicien écrit de nouvelles chansons dans son studio à domicile.
1,pic_059,59.jpg,10000,The security guard checks people’s bags at the entrance of a mall.,保安在商场入口检查人们的包。,Bǎo'ān zài shāngchǎng rùkǒu jiǎnchá rénmen de bāo.,警備員はショッピングモールの入口で人々のカバンをチェックします。,Keibiin wa shoppingu mooru no iriguchi de hitobito no kaban o chekku shimasu.,El guardia de seguridad revisa las bolsas de las personas en la entrada de un centro comercial.,Le gardien de sécurité vérifie les sacs des gens à l’entrée d’un centre commercial.
1,pic_060,60.jpg,10000,The security guard patrols the building at night to ensure safety.,保安夜间巡逻大楼以确保安全。,Bǎo'ān yèjiān xúnluó dàlóu yǐ quèbǎo ānquán.,警備員は夜に建物を巡回し、安全を確保します。,"Keibiin wa yoru ni tatemono o junkai shi, anzen o kakuho shimasu.",El guardia de seguridad patrulla el edificio por la noche para garantizar la seguridad.,Le gardien de sécurité patrouille le bâtiment la nuit pour assurer la sécurité.
1,pic_061,61.jpg,10000,A bustling Tokyo street at dusk with neon signs reflecting off wet pavement.,黄昏时东京繁忙的街道，霓虹灯倒映在湿润的路面上。,"Huánghūn shí Dōngjīng fánmáng de jiēdào, níhóngdēng dǎoyìng zài shīrùn de lùmiàn shàng.",夕暮れ時の東京の賑やかな通り、ネオンが濡れた舗道に映っている。,"Yuugure toki no Toukyou no nigiyaka na toori, neon ga nureta hodou ni utsutte iru.",Una bulliciosa calle de Tokio al anochecer con letreros de neón reflejados en el pavimento mojado.,Une rue animée de Tokyo au crépuscule avec des enseignes au néon se reflétant sur le trottoir mouillé.
1,pic_062,62.jpg,10000,A narrow alley in Rome lined with scooters and laundry hanging overhead.,罗马一条狭窄的小巷，停着摩托车，上方挂着晾晒的衣物。,"Luómǎ yì tiáo xiázhǎi de xiǎoxiàng, tíng zhe mótuōchē, shàngfāng guàzhe liàngshài de yīwù.",ローマの細い路地にはスクーターと頭上に干された洗濯物が並んでいる。,Rouma no hosoi roji ni wa sukuutaa to zujou ni hosareta sentakumono ga narande iru.,Un callejón estrecho en Roma lleno de scooters y ropa tendida arriba.,Une ruelle étroite à Rome bordée de scooters et de linge suspendu au-dessus.
1,pic_063,63.jpg,10000,An Old Havana boulevard with brightly colored classic cars and palm trees.,哈瓦那老街，五颜六色的老式轿车和棕榈树。,"Hāwǎnà lǎo jiē, wǔyán liùsè de lǎoshì jiàochē hé zōnglǘ shù.",ハバナの古い大通りにはカラフルなクラシックカーとヤシの木が並んでいる。,Habana no furui oodoori ni wa karafuru na kurashikku kaa to yashi no ki ga narande iru.,Un bulevar de la Habana Vieja con autos clásicos coloridos y palmeras.,Un boulevard de la Vieille Havane avec des voitures anciennes colorées et des palmiers.
1,pic_064,64.jpg,10000,A busy Mumbai intersection filled with auto rickshaws and vendors.,孟买繁忙路口，挤满了自动人力车和小贩。,"Mèngmǎi fánmáng lùkǒu, jǐ mǎnle zìdòng rénlìchē hé xiǎofàn.",ムンバイの賑やかな交差点はオートリキシャと屋台で溢れている。,Munbai no nigiyaka na kousaten wa ootorikisha to yatai de afurete iru.,Un cruce ocupado en Mumbai lleno de rickshaws y vendedores ambulantes.,Un carrefour animé à Mumbai rempli d’auto rickshaws et de vendeurs ambulants.
1,pic_065,65.jpg,10000,A Parisian sidewalk café with patrons sipping espresso under striped awnings.,巴黎街头咖啡馆，顾客在条纹遮阳篷下喝浓缩咖啡。,"Bālí jiētóu kāfēi guǎn, gùkè zài tiáowén zhēyángpéng xià hē nóngsuō kāfēi.",パリの歩道カフェでは、客がストライプのオーニングの下でエスプレッソを飲んでいる。,"Pari no hodou kafe de wa, kyaku ga sutoraipu no ooningu no shita de esupuresso o nonde iru.",Una cafetería en la acera parisina con clientes tomando espresso bajo toldos a rayas.,Un café-terrasse parisien avec des clients sirotant un espresso sous des auvents rayés.
1,pic_066,66.jpg,10000,A rainy London thoroughfare with red double-decker buses and umbrellas.,雨天的伦敦大街，红色双层巴士和雨伞穿梭。,"Yǔtiān de lúndūn dàjiē, hóngsè shuāngcéng bāshì hé yǔsǎn chuānsuō.",雨のロンドンの大通りでは赤い2階建てバスと傘が行き交っている。,Ame no Rondon no oodoori de wa akai nikai date basu to kasa ga yukikatte iru.,Una calle lluviosa en Londres con autobuses rojos de dos pisos y paraguas.,Une avenue londonienne sous la pluie avec des bus rouges à impériale et des parapluies.
1,pic_067,67.jpg,10000,A São Paulo avenue crowded with street food stalls and graffiti art.,圣保罗大道，街头小吃摊和涂鸦艺术挤满街头。,"Shèng Bǎoluó dàdào, jiētóu xiǎochī tān hé túyā yìshù jǐ mǎn jiētóu.",サンパウロの通りには屋台とグラフィティアートが溢れている。,Sanpauro no toori ni wa yatai to gurafiti aato ga afurete iru.,Una avenida de São Paulo llena de puestos de comida callejera y arte de grafiti.,Une avenue de São Paulo bondée de stands de nourriture de rue et d’art de graffiti.
1,pic_068,68.jpg,10000,A New York City block at lunchtime with food trucks and businesspeople.,纽约午餐时间的街区，餐车和上班族来往不断。,"Niǔyuē wǔcān shíjiān de jiēqū, cānchē hé shàngbānzú láiwǎng bùduàn.",ニューヨークのランチタイムの街区にはフードトラックとビジネスマンが多い。,Nyuu Yooku no ranchitaimu no gaiku ni wa fuudo torakku to bijinesuman ga ooi.,Una manzana de la ciudad de Nueva York a la hora del almuerzo con camiones de comida y gente de negocios.,Un pâté de maisons de New York à l’heure du déjeuner avec des food trucks et des gens d’affaires.
1,pic_069,69.jpg,10000,A crowded Beijing market street with lanterns and red banners overhead.,北京拥挤的集市街道，上空悬挂着灯笼和红色横幅。,"Běijīng yōngjǐ de jíshì jiēdào, shàngkōng xuánguà zhe dēnglóng hé hóngsè héngfú.",北京の混み合った市場通りの上には提灯と赤い旗が吊るされている。,Pekin no komiatta ichiba toori no ue ni wa chouchin to akai hata ga tsurusarete iru.,Una concurrida calle del mercado de Pekín con farolillos y pancartas rojas colgadas arriba.,Une rue de marché animée à Pékin avec des lanternes et des banderoles rouges suspendues.
1,pic_070,70.jpg,10000,A Cape Town promenade overlooking Table Mountain with cyclists passing by.,开普敦海滨长廊，远眺桌山，自行车手经过。,"Kāipǔdūn hǎibīn chángláng, yuǎntiào Zhuōshān, zìxíngchē shǒu jīngguò.",ケープタウンのプロムナードからはテーブルマウンテンが見え、自転車が通る。,"Keepu Taun no puromunaado kara wa teeburu maunten ga mie, jitensha ga tooru.",Un paseo marítimo de Ciudad del Cabo con vista a la Montaña de la Mesa y ciclistas pasando.,"Une promenade du Cap surplombant la montagne de la Table, avec des cyclistes passant devant."
1,pic_071,71.jpg,10000,An open-air bazaar in Istanbul with colorful spices piled in woven baskets.,伊斯坦布尔露天集市，五彩斑斓的香料堆在编织篮中。,"Yīsītǎnbù'ěr lùtiān jíshì, wǔcǎi bānlán de xiāngliào duī zài biānzhī lán zhōng.",イスタンブールの青空市場にはカラフルなスパイスがかごに山積みされている。,Isutanbuuru no aozora ichiba ni wa karafuru na supaisu ga kago ni yamazumi sarete iru.,Un bazar al aire libre en Estambul con especias de colores apiladas en cestas tejidas.,Un bazar en plein air à Istanbul avec des épices colorées empilées dans des paniers en osier.
1,pic_072,72.jpg,10000,A floating market in Bangkok with vendors on wooden boats selling tropical fruits.,曼谷水上市场，小贩在木船上售卖热带水果。,"Màngǔ shuǐshàng shìchǎng, xiǎofàn zài mùchuán shàng shòumài rèdài shuǐguǒ.",バンコクの水上マーケットでは小舟に乗った売り手が南国の果物を売っている。,Bankoku no suijou maaketto de wa kobune ni notta urite ga nankoku no kudamono o utte iru.,Un mercado flotante en Bangkok con vendedores en barcos de madera vendiendo frutas tropicales.,Un marché flottant à Bangkok avec des vendeurs sur des bateaux en bois vendant des fruits tropicaux.
1,pic_073,73.jpg,10000,A souk in Marrakech with brass lanterns and intricate rugs displayed.,马拉喀什集市，摆满了铜灯和精美地毯。,"Mǎlākākèshí jíshì, bǎi mǎnle tóngdēng hé jīngměi dìtǎn.",マラケシュのスークには真鍮のランタンや複雑な絨毯が飾られている。,Marakeshu no suuku ni wa shinchuu no rantan ya fukuzatsu na juutan ga kazararete iru.,Un zoco en Marrakech con faroles de bronce y alfombras intrincadas expuestas.,Un souk à Marrakech avec des lanternes en laiton et des tapis complexes exposés.
1,pic_074,74.jpg,10000,A rural Mexican mercado with handmade pottery and vibrant textiles.,墨西哥乡村市场，手工陶器和彩色布料丰富。,"Mòxīgē xiāngcūn shìchǎng, shǒugōng táoqì hé cǎisè bùliào fēngfù.",メキシコの田舎の市場では手作りの陶器や鮮やかな織物が並ぶ。,Mekishiko no inaka no ichiba de wa tezukuri no touki ya azayaka na orimono ga narabu.,Un mercado rural mexicano con cerámica hecha a mano y textiles vibrantes.,Un marché rural mexicain avec de la poterie artisanale et des tissus colorés.
1,pic_075,75.jpg,10000,A weekend farmers' market in Oregon offering organic produce and artisan cheese.,俄勒冈周末农贸市场，供应有机蔬菜和手工奶酪。,"Élègāng zhōumò nóngmào shìchǎng, gōngyìng yǒujī shūcài hé shǒugōng nǎilào.",オレゴンの週末ファーマーズマーケットでは有機野菜と手作りチーズが売られている。,Oregon no shuumatsu faamaazu maaketto de wa yuuki yasai to tezukuri chiizu ga urarete iru.,Un mercado de agricultores de fin de semana en Oregón con productos orgánicos y queso artesanal.,Un marché fermier du week-end dans l’Oregon proposant des produits biologiques et du fromage artisanal.
1,pic_076,76.jpg,10000,A crowded spice market in Delhi showcasing red chilies and turmeric heaps.,德里拥挤的香料市场，红辣椒和姜黄堆成小山。,"Délǐ yōngjǐ de xiāngliào shìchǎng, hóng làjiāo hé jiānghuáng duī chéng xiǎoshān.",デリーの混雑した香辛料市場には赤唐辛子とウコンの山が並んでいる。,Deri no konzatsu shita koushinryou ichiba ni wa aka tougarashi to ukon no yama ga narande iru.,Un mercado de especias concurrido en Delhi con montones de chiles rojos y cúrcuma.,Un marché aux épices bondé à Delhi présentant des piments rouges et des tas de curcuma.
1,pic_077,77.jpg,10000,A fish market in Tokyo's Tsukiji district with ice-lined counters and fresh tuna.,东京筑地鱼市，冰台上摆满新鲜金枪鱼。,"Dōngjīng Zhùdì yúshì, bīngtái shàng bǎimǎn xīnxiān jīnqiāngyú.",東京築地の魚市場には氷が敷き詰められ、新鮮なマグロが並ぶ。,"Toukyou Tsukiji no uoichiba ni wa koori ga shikitsumerare, shinsen na maguro ga narabu.",Un mercado de pescado en el distrito Tsukiji de Tokio con mostradores cubiertos de hielo y atún fresco.,Un marché aux poissons dans le quartier Tsukiji de Tokyo avec des comptoirs couverts de glace et du thon frais.
1,pic_078,78.jpg,10000,An African market in Accra featuring colorful kente cloth fabrics.,阿克拉非洲市场，展出五彩的肯特布。,"Ākèlā fēizhōu shìchǎng, zhǎnchū wǔcǎi de kěntè bù.",アクラのアフリカ市場ではカラフルなケンテ布が並んでいる。,Akura no Afurika ichiba de wa karafuru na kente nuno ga narande iru.,Un mercado africano en Accra con coloridas telas kente.,Un marché africain à Accra avec des tissus kente colorés.
1,pic_079,79.jpg,10000,A European Christmas market in Vienna with wooden stalls and mulled wine.,维也纳欧洲圣诞市场，木制摊位和热红酒。,"Wéiyěnà Ōuzhōu shèngdàn shìchǎng, mùzhì tānwèi hé rè hóngjiǔ.",ウィーンのヨーロッパのクリスマスマーケットには木の屋台とホットワインがある。,Uiin no Yooroppa no kurisumasu maaketto ni wa ki no yatai to hotto wain ga aru.,Un mercado navideño europeo en Viena con puestos de madera y vino caliente.,Un marché de Noël européen à Vienne avec des chalets en bois et du vin chaud.
1,pic_080,80.jpg,10000,A beachfront market in Bali selling handcrafted baskets and batik sarongs.,巴厘岛海滩市场，出售手工篮子和蜡染纱笼。,"Bālídǎo hǎitān shìchǎng, chūshòu shǒugōng lánzi hé làrǎn shālóng.",バリのビーチ沿いの市場では手作りのかごやバティックのサロンが売られている。,Bari no biichi-zoi no ichiba de wa tezukuri no kago ya batikku no saron ga urarete iru.,Un mercado frente a la playa en Bali vendiendo cestas hechas a mano y sarongs batik.,Un marché en bord de mer à Bali vendant des paniers artisanaux et des sarongs batik.
1,pic_081,81.jpg,10000,A bright primary school classroom in Nairobi with animal posters on the walls.,内罗毕明亮的小学教室，墙上贴有动物海报。,"Nèiluóbì míngliàng de xiǎoxué jiàoshì, qiáng shàng tiē yǒu dòngwù hǎibào.",ナイロビの明るい小学校の教室、壁には動物のポスターが貼られている。,"Nairobi no akarui shougakkou no kyoushitsu, kabe ni wa doubutsu no posutaa ga hararete iru.",Un aula luminosa de primaria en Nairobi con carteles de animales en las paredes.,Une salle de classe primaire lumineuse à Nairobi avec des affiches d’animaux sur les murs.
1,pic_082,82.jpg,10000,A modern coding lab in a Silicon Valley high school with students on laptops.,硅谷现代高中编程实验室，学生在笔记本上学习。,"Guīgǔ xiàndài gāozhōng biānchéng shíyànshì, xuéshēng zài bǐjìběn shàng xuéxí.",シリコンバレーの高校の現代的なコーディングラボ、ノートパソコンで学ぶ生徒たち。,"Shirikon Baree no koukou no gendaiteki na koodingu rabo, nooto pasokon de manabu seito-tachi.",Un laboratorio de codificación moderno en una escuela secundaria de Silicon Valley con estudiantes en portátiles.,Un laboratoire de codage moderne dans un lycée de la Silicon Valley avec des élèves sur des ordinateurs portables.
1,pic_083,83.jpg,10000,A rural village classroom in Nepal with wooden benches and chalkboards.,尼泊尔乡村教室，木长凳和黑板。,"Níbó'ěr xiāngcūn jiàoshì, mù chángdèng hé hēibǎn.",ネパールの村の教室、木のベンチと黒板がある。,"Nepaaru no mura no kyoushitsu, ki no benchi to kokuban ga aru.",Un aula de aldea rural en Nepal con bancos de madera y pizarras.,Une salle de classe de village rural au Népal avec des bancs en bois et des tableaux noirs.
1,pic_084,84.jpg,10000,A Montessori classroom in Amsterdam with learning stations and potted plants.,阿姆斯特丹蒙特梭利教室，学习区和盆栽植物。,"Āmǔsītèdān Méngtèsuǒlì jiàoshì, xuéxí qū hé pénzāi zhíwù.",アムステルダムのモンテッソーリ教室、学習ステーションと鉢植え植物。,"Amusuterudamu no Montessori kyoushitsu, gakushuu suteeshon to hachiue shokubutsu.",Un aula Montessori en Ámsterdam con zonas de aprendizaje y plantas en macetas.,Une classe Montessori à Amsterdam avec des espaces d’apprentissage et des plantes en pot.
1,pic_085,85.jpg,10000,A French lycée classroom with students in uniforms taking notes under tall windows.,法国高中教室，学生穿校服在高窗下记笔记。,"Fàguó gāozhōng jiàoshì, xuéshēng chuān xiàofú zài gāo chuāng xià jì bǐjì.",フランスのリセの教室、制服姿の生徒が高い窓の下でノートを取っている。,"Furansu no rise no kyoushitsu, seifuku sugata no seito ga takai mado no shita de nooto o totte iru.",Un aula de liceo francés con estudiantes en uniforme tomando notas bajo grandes ventanas.,Une salle de classe de lycée français avec des élèves en uniforme prenant des notes sous de hautes fenêtres.
1,pic_086,86.jpg,10000,A chemistry lab in Shanghai with students wearing goggles over lab benches.,上海化学实验室，学生戴护目镜在实验台上操作。,"Shànghǎi huàxué shíyànshì, xuéshēng dài hùmùjìng zài shíyàntái shàng cāozuò.",上海の化学実験室、ゴーグルをつけた生徒たちが実験台に立っている。,"Shanhai no kagaku jikken-shitsu, googuru o tsuketa seito-tachi ga jikkendai ni tatte iru.",Un laboratorio de química en Shanghái con estudiantes con gafas protectoras sobre las mesas.,Un laboratoire de chimie à Shanghai avec des élèves portant des lunettes de protection sur les paillasses.
1,pic_087,87.jpg,10000,A one-room schoolhouse in Alaska heated by a potbelly stove and fur coats.,阿拉斯加单间校舍，靠火炉和皮大衣取暖。,"Ālāsījiā dānjiān xiàoshè, kào huǒlú hé pí dàyī qǔnuǎn.",アラスカの一部屋だけの校舎、薪ストーブと毛皮のコートで暖を取る。,"Arasuka no heya dake no kousha, maki sutoobu to kegawa no kooto de dan o toru.",Una escuela de una sola aula en Alaska calentada por una estufa de leña y abrigos de piel.,Une école à une salle en Alaska chauffée par un poêle à bois et des manteaux de fourrure.
1,pic_088,88.jpg,10000,A preschool classroom in Melbourne with art supplies neatly arranged.,墨尔本幼儿园教室，艺术用品摆放整齐。,"Mò'ěrběn yòu'éryuán jiàoshì, yìshù yòngpǐn bǎifàng zhěngqí.",メルボルンの幼稚園の教室、画材がきちんと並べられている。,"Meruborun no youchien no kyoushitsu, gazai ga kichinto naraberarete iru.",Un aula preescolar en Melbourne con materiales de arte ordenados cuidadosamente.,Une salle de classe maternelle à Melbourne avec des fournitures artistiques soigneusement rangées.
1,pic_089,89.jpg,10000,A high school classroom in São Paulo with colorful educational murals.,圣保罗高中教室，彩色教育壁画装饰墙面。,"Shèng Bǎoluó gāozhōng jiàoshì, cǎisè jiàoyù bìhuà zhuāngshì qiángmiàn.",サンパウロの高校の教室にはカラフルな教育壁画がある。,Sanpauro no koukou no kyoushitsu ni wa karafuru na kyouiku hekiga ga aru.,Un aula de secundaria en São Paulo con murales educativos coloridos.,Une salle de classe de lycée à São Paulo avec des fresques éducatives colorées.
1,pic_090,90.jpg,10000,A night school classroom in Cairo where adults study under fluorescent lights.,开罗夜校教室，成年人在荧光灯下学习。,"Kāiluó yèxiào jiàoshì, chéngniánrén zài yíngguāngdēng xià xuéxí.",カイロの夜間学校の教室、大人たちは蛍光灯の下で勉強している。,"Kairo no yakan gakkou no kyoushitsu, otona-tachi wa keikoutou no shita de benkyou shite iru.",Un aula nocturna en El Cairo donde los adultos estudian bajo luces fluorescentes.,Une classe du soir au Caire où les adultes étudient sous des lumières fluorescentes.
1,pic_091,91.jpg,10000,A crowded Tokyo Shinjuku Station platform during rush hour with commuters.,东京新宿站高峰时段，站台上挤满通勤者。,"Dōngjīng Xīnsù zhàn gāofēng shíduàn, zhàntái shàng jǐ mǎn tōngqín zhě.",東京新宿駅のラッシュ時、プラットホームは通勤客で混雑している。,"Toukyou Shinjuku-eki no rasshu ji, purattohoomu wa tsuukinkyaku de konzatsu shite iru.",Un andén lleno de gente en la estación Shinjuku de Tokio durante la hora pico.,Un quai bondé à la gare de Shinjuku à Tokyo pendant l’heure de pointe.
1,pic_092,92.jpg,10000,An old European train station in Prague with ornate arches and steam engine.,布拉格老式欧洲火车站，拱门华丽，有蒸汽机车。,"Bùlāgé lǎoshì Ōuzhōu huǒchēzhàn, gǒngmén huálì, yǒu zhēngqì jīchē.",プラハの古いヨーロッパの駅、華やかなアーチと蒸気機関車。,"Puraha no furui Yooroppa no eki, hanayaka na aachi to jouki kikansha.",Una antigua estación europea en Praga con arcos ornamentados y locomotora de vapor.,Une ancienne gare européenne à Prague avec des arches ornées et une locomotive à vapeur.
1,pic_093,93.jpg,10000,A rural Indian station with a single platform and passengers waiting on benches.,印度乡村小站，只有一个站台，乘客坐在长椅上等车。,"Yìndù xiāngcūn xiǎozhàn, zhǐyǒu yī gè zhàntái, chéngkè zuò zài chángyǐ shàng děng chē.",インドの田舎の駅、プラットフォームが一つだけでベンチに座って列車を待つ乗客たち。,"Indo no inaka no eki, purattohoomu ga hitotsu dake de benchi ni suwatte ressha o matsu joukyaku-tachi.",Una estación rural india con un solo andén y pasajeros esperando en los bancos.,Une gare rurale indienne avec un seul quai et des passagers assis sur des bancs en attente.
1,pic_094,94.jpg,10000,A modern London Underground platform illuminated by bright LED lights.,伦敦地铁现代站台，明亮的LED灯照明。,"Lúndūn dìtiě xiàndài zhàntái, míngliàng de LED dēng zhàomíng.",ロンドン地下鉄の近代的なホーム、明るいLEDライトで照らされている。,"Rondon chikatetsu no kindaiteki na hoomu, akarui LED raito de terasarete iru.",Un andén moderno del metro de Londres iluminado por luces LED brillantes.,Un quai moderne du métro de Londres éclairé par des lumières LED brillantes.
1,pic_095,95.jpg,10000,A Swiss Alpine train station with mountain peaks visible through glass walls.,瑞士阿尔卑斯火车站，透过玻璃墙能看到山峰。,"Ruìshì Ā'ěrbēisī huǒchēzhàn, tòuguò bōlí qiáng néng kàndào shānfēng.",スイス・アルプスの駅、ガラスの壁越しに山頂が見える。,"Suisu Arupusu no eki, garasu no kabe goshi ni sanchou ga mieru.",Una estación suiza en los Alpes con picos de montaña visibles a través de las paredes de cristal.,Une gare alpine suisse avec des sommets visibles à travers des murs de verre.
1,pic_096,96.jpg,10000,A Buenos Aires terminal with colorful murals and vintage train cars.,布宜诺斯艾利斯火车终点站，彩色壁画和复古火车厢。,"Bùyínuò sī Àilìsī huǒchē zhōngdiǎnzhàn, cǎisè bìhuà hé fùgǔ huǒchēxiāng.",ブエノスアイレスのターミナル、カラフルな壁画とヴィンテージ列車。,"Buenosu Airesu no taaminaru, karafuru na hekiga to vintēji ressha.",Una terminal de Buenos Aires con murales coloridos y vagones antiguos.,Un terminal de Buenos Aires avec des fresques colorées et des voitures de train vintage.
1,pic_097,97.jpg,10000,A Moscow metro station with elaborate chandeliers and marble pillars.,莫斯科地铁站，水晶吊灯和大理石柱。,"Mòsīkē dìtiě zhàn, shuǐjīng diàodēng hé dàlǐshí zhù.",モスクワの地下鉄駅、豪華なシャンデリアと大理石の柱。,"Mosukuwa no chikatetsu eki, gouka na shanderia to dairaiseki no hashira.",Una estación de metro de Moscú con lámparas de araña y columnas de mármol.,Une station de métro à Moscou avec des lustres élaborés et des colonnes en marbre.
1,pic_098,98.jpg,10000,A small Japanese countryside stop with a wooden shelter and bicycle racks.,日本乡村小站，木制候车亭和自行车架。,"Rìběn xiāngcūn xiǎozhàn, mùzhì hòuchētíng hé zìxíngchējià.",日本の田舎の小さな駅、木造の待合所と自転車置き場。,"Nihon no inaka no chiisana eki, mokuzou no machiaijo to jitensha okiba.",Una pequeña parada rural japonesa con refugio de madera y portabicicletas.,Un petit arrêt de campagne japonais avec un abri en bois et des supports à vélos.
1,pic_099,99.jpg,10000,A New York Penn Station concourse bustling with travelers and taxis outside.,纽约宾州车站大厅，旅客熙攘，外面有出租车。,"Niǔyuē Bīnzhōu chēzhàn dàtīng, lǚkè xīrǎng, wàimiàn yǒu chūzūchē.",ニューヨーク・ペン駅のコンコースは旅行者で賑わい、外にはタクシーがいる。,"Nyuuyooku Pen eki no konkoosu wa ryokousha de nigiwai, soto ni wa takushii ga iru.",Un vestíbulo concurrido de la estación Penn de Nueva York con viajeros y taxis afuera.,Un hall de la gare Penn de New York animé avec des voyageurs et des taxis à l’extérieur.
1,pic_100,100.jpg,10000,A Sydney suburban station with eucalyptus trees lining the tracks.,悉尼郊区火车站，铁轨旁排列着桉树。,"Xīní jiāoqū huǒchēzhàn, tiěguǐ páng páiliè zhe ānshù.",シドニー郊外の駅、線路の脇にユーカリの木が並ぶ。,"Shidonii kougai no eki, senro no waki ni yuukari no ki ga narabu.",Una estación suburbana de Sídney con eucaliptos a lo largo de las vías.,Une gare de banlieue à Sydney avec des eucalyptus le long des voies.
